/*
MySQL Data Transfer
Source Host: localhost
Source Database: witk_world
Target Host: localhost
Target Database: witk_world
Date: 14.09.2015 01:14:00
*/

-- ----------------------------
-- Records 
-- ----------------------------
DELETE FROM `command` WHERE name IN ('wechseln', 'killen', 'fangen', 'verwirren', 'signal');
INSERT INTO `command` VALUES ('wechseln', '0', 'Syntax: .wechseln\r\n\r\nKann nur als Killer im Spiel \"Who is the Killer\" benutzt werden, mit diesem Befehl kannst du zwischen Killer und Camper wechseln.');
INSERT INTO `command` VALUES ('killen', '0', 'Syntax: .killen\r\n\r\nKann nur in der Killer Form im Spiel \"Who is the Killer\" benutzt werden, mit diesem Befehl tötest du den von dir angewählten Camper nachdem er von dir gefangen wurde.');
INSERT INTO `command` VALUES ('fangen', '0', 'Syntax: .fangen\r\n\r\nKann nur in der Killer Form im Spiel \"Who is the Killer\" benutzt werden, mit diesem Befehl fängst du den von dir angewählten Camper.');
INSERT INTO `command` VALUES ('verwirren', '0', 'Syntax: .verwirren\r\n\r\nKann nur in der Killer Form im Spiel \"Who is the Killer\" benutzt werden, mit diesem Befehl sendest du eine Nachricht an alle Mitspieler, dass du vom Killer gekillt bzw. besiegt wurdest.');
INSERT INTO `command` VALUES ('signal', '0', 'Syntax: .signal\r\n\r\nKann nur in der Killer Form im Spiel \"Who is the Killer\" benutzt werden, mit diesem Befehl wechselst du den Signalcamper.');

DELETE FROM `creature` WHERE guid in ('1000172', '1000173', '1000174');
INSERT INTO `creature` VALUES ('1000172', '800850', '0', '1', '1024', '0', '0', '-10907', '-364.914', '39.7019', '3.03658', '25', '0', '0', '25000', '0', '0', '0');
INSERT INTO `creature` VALUES ('1000173', '800800', '0', '1', '1', '0', '0', '-9460.25', '64.7581', '55.9424', '3.12624', '25', '0', '0', '25000', '0', '0', '0');
INSERT INTO `creature` VALUES ('1000174', '800800', '1', '1', '1', '0', '0', '289.774', '-4696.31', '12.7828', '0.171955', '25', '0', '0', '25000', '0', '0', '0');

DELETE FROM `creature_template` WHERE Entry = '800800' OR Entry = '800850';
INSERT INTO `creature_template` VALUES ('800800', 'Mr. Who', 'Who is the Killer', null, '80', '80', '0', '0', '0', '559', '0', '0', '0', '35', '35', '2', '0', '0', '3', '3', '0', '1', '0', '0', '66', '4', '1', '1.14286', '0', '3', '-1', '1', '1', '1', '1', '1', '1', '25000', '25000', '0', '0', '1000', '1000', '0', '0', '0', '1000', '0', '2000', '0', '0', '0', '0', '0', '0', '0', '0', '0', '0', '0', '0', '0', '0', '0', '0', '0', '0', '0', '0', '0', '0', '0', '0', '0', '0', '0', '0', '0', '0', '0', '0', '0', '0', '', 'MrWho');
INSERT INTO `creature_template` VALUES ('800850', 'Mr. Who', 'Who is the Killer', null, '80', '80', '0', '0', '0', '559', '0', '0', '0', '35', '35', '2', '0', '0', '3', '3', '0', '1', '0', '0', '66', '4', '1', '1.14286', '0', '3', '-1', '1', '1', '1', '1', '1', '1', '25000', '25000', '0', '0', '1000', '1000', '0', '0', '0', '1000', '0', '2000', '0', '0', '0', '0', '0', '0', '0', '0', '0', '0', '0', '0', '0', '0', '0', '0', '0', '0', '0', '0', '0', '0', '0', '0', '0', '0', '0', '0', '0', '0', '0', '0', '0', '0', '', 'MrWhoAbstimmen');

DELETE FROM `gameobject` WHERE guid = '9000085';
INSERT INTO `gameobject` VALUES ('9000085', '560030', '0', '1', '1', '-10702.5', '-419.217', '125.813', '3.82513', '0', '0', '0.942163', '-0.335155', '25', '0', '1');

DELETE FROM `gameobject_template` WHERE entry = '560030';
INSERT INTO `gameobject_template` VALUES ('560030', '1', '5491', 'Teleportfelsen', '', '', '', '0', '0', '1', '0', '0', '0', '0', '0', '0', '0', '0', '1000', '0', '0', '0', '0', '0', '0', '0', '0', '0', '0', '0', '0', '0', '0', '0', '0', '0', '0', '0', '0', '0', '0', '0', 'FluchtPortal');

DELETE FROM `item_template` WHERE entry BETWEEN 800202 AND 800203;
INSERT INTO `item_template` VALUES ('800202', '10', '0', '-1', 'Killer Action Figure', '51143', '5', '2048', '0', '1', '1000000', '10000', '0', '-1', '-1', '0', '0', '0', '0', '0', '0', '0', '0', '0', '-1', '1', '0', '0', '0', '0', '0', '0', '0', '0', '0', '0', '0', '0', '0', '0', '0', '0', '0', '0', '0', '0', '0', '0', '0', '0', '0', '0', '0', '0', '0', '0', '0', '0', '0', '0', '0', '0', '0', '0', '0', '0', '0', '0', '0', '0', '-1', '0', '-1', '0', '0', '0', '0', '-1', '0', '-1', '0', '0', '0', '0', '-1', '0', '-1', '0', '0', '0', '0', '-1', '0', '-1', '0', '0', '0', '0', '-1', '0', '-1', '1', 'A very special item, which increases your speed by 20% while in killer form. It has to be in your inventory during the game.', '0', '0', '0', '0', '0', '4', '0', '0', '0', '0', '0', '0', '0', '0', '0', '0', '0', '0', '0', '0', '0', '0', '0', '0', '-1', '0', '0', '0', '0', '', '0', '0', '0', '0', '0');
INSERT INTO `item_template` VALUES ('800203', '10', '0', '-1', 'Camper Action Figure', '41730', '5', '2048', '0', '1', '1000000', '10000', '0', '-1', '-1', '0', '0', '0', '0', '0', '0', '0', '0', '0', '-1', '1', '0', '0', '0', '0', '0', '0', '0', '0', '0', '0', '0', '0', '0', '0', '0', '0', '0', '0', '0', '0', '0', '0', '0', '0', '0', '0', '0', '0', '0', '0', '0', '0', '0', '0', '0', '0', '0', '0', '0', '0', '0', '0', '0', '0', '-1', '0', '-1', '0', '0', '0', '0', '-1', '0', '-1', '0', '0', '0', '0', '-1', '0', '-1', '0', '0', '0', '0', '-1', '0', '-1', '0', '0', '0', '0', '-1', '0', '-1', '1', 'A very special item, which increases your amount of lives by 1. It has to be in your inventory during the game.', '0', '0', '0', '0', '0', '4', '0', '0', '0', '0', '0', '0', '0', '0', '0', '0', '0', '0', '0', '0', '0', '0', '0', '0', '-1', '0', '0', '0', '0', '', '0', '0', '0', '0', '0');

DELETE FROM `locales_gameobject` WHERE entry = '560030';
INSERT INTO `locales_gameobject` VALUES ('560030', '', '', 'Teleport Rock', '', '', '', '', '', '', '', '', '', '', '', '', '');

DELETE FROM `locales_item` WHERE entry BETWEEN 800202 AND 800203;
INSERT INTO `locales_item` VALUES ('800202', '', '', 'Killer Action-Figur', '', '', '', '', '', null, null, 'Ein ganz besonderes Item, das deine Geschwindigkeit in der Killer-Form um 20% erhöht. Es muss sich während des Spiels im Rucksack befinden.', null, null, null, null, null);
INSERT INTO `locales_item` VALUES ('800203', '', '', 'Camper Action-Figur', '', '', '', '', '', null, null, 'Ein ganz besonderes Item, das deine Lebens-Anzeige um 1 erhöht. Es muss sich während des Spiels im Rucksack befinden.', null, null, null, null, null);

DELETE FROM `locales_npc_text` WHERE entry BETWEEN 300800 AND 300806;
INSERT INTO `locales_npc_text` VALUES ('300800', null, null, 'Hallo $N, willst du Who is the Killer spielen?', null, null, null, null, null, null, null, null, null, null, null, null, null, null, null, null, null, null, null, null, null, null, null, null, null, null, null, null, null, null, null, null, null, null, null, null, null, null, null, null, null, null, null, null, null, null, null, null, null, null, null, null, null, null, null, null, null, null, null, null, null, null, null, null, null, null, null, null, null, null, null, null, null, null, null, null, null, null, null, null, null, null, null, null, null, null, null, null, null, null, null, null, null, null, null, null, null, null, null, null, null, null, null, null, null, null, null, null, null, null, null, null, null, null, null, null, null, null, null, null, null, null, null, null, null);
INSERT INTO `locales_npc_text` VALUES ('300801', null, null, 'Willkommen im Spiel!', null, null, null, null, null, null, null, null, null, null, null, null, null, null, null, null, null, null, null, null, null, null, null, null, null, null, null, null, null, null, null, null, null, null, null, null, null, null, null, null, null, null, null, null, null, null, null, null, null, null, null, null, null, null, null, null, null, null, null, null, null, null, null, null, null, null, null, null, null, null, null, null, null, null, null, null, null, null, null, null, null, null, null, null, null, null, null, null, null, null, null, null, null, null, null, null, null, null, null, null, null, null, null, null, null, null, null, null, null, null, null, null, null, null, null, null, null, null, null, null, null, null, null, null, null);
INSERT INTO `locales_npc_text` VALUES ('300802', null, null, 'Welchem Spiel möchtest du beitreten?', null, null, null, null, null, null, null, null, null, null, null, null, null, null, null, null, null, null, null, null, null, null, null, null, null, null, null, null, null, null, null, null, null, null, null, null, null, null, null, null, null, null, null, null, null, null, null, null, null, null, null, null, null, null, null, null, null, null, null, null, null, null, null, null, null, null, null, null, null, null, null, null, null, null, null, null, null, null, null, null, null, null, null, null, null, null, null, null, null, null, null, null, null, null, null, null, null, null, null, null, null, null, null, null, null, null, null, null, null, null, null, null, null, null, null, null, null, null, null, null, null, null, null, null, null);
INSERT INTO `locales_npc_text` VALUES ('300803', null, null, 'Wähle die Anzahl der Leben!', null, null, null, null, null, null, null, null, null, null, null, null, null, null, null, null, null, null, null, null, null, null, null, null, null, null, null, null, null, null, null, null, null, null, null, null, null, null, null, null, null, null, null, null, null, null, null, null, null, null, null, null, null, null, null, null, null, null, null, null, null, null, null, null, null, null, null, null, null, null, null, null, null, null, null, null, null, null, null, null, null, null, null, null, null, null, null, null, null, null, null, null, null, null, null, null, null, null, null, null, null, null, null, null, null, null, null, null, null, null, null, null, null, null, null, null, null, null, null, null, null, null, null, null, null);
INSERT INTO `locales_npc_text` VALUES ('300804', null, null, 'Wer glaubst du ist der Killer?', null, null, null, null, null, null, null, null, null, null, null, null, null, null, null, null, null, null, null, null, null, null, null, null, null, null, null, null, null, null, null, null, null, null, null, null, null, null, null, null, null, null, null, null, null, null, null, null, null, null, null, null, null, null, null, null, null, null, null, null, null, null, null, null, null, null, null, null, null, null, null, null, null, null, null, null, null, null, null, null, null, null, null, null, null, null, null, null, null, null, null, null, null, null, null, null, null, null, null, null, null, null, null, null, null, null, null, null, null, null, null, null, null, null, null, null, null, null, null, null, null, null, null, null, null);
INSERT INTO `locales_npc_text` VALUES ('300805', null, null, 'Hallo, wie gehts?', null, null, null, null, null, null, null, null, null, null, null, null, null, null, null, null, null, null, null, null, null, null, null, null, null, null, null, null, null, null, null, null, null, null, null, null, null, null, null, null, null, null, null, null, null, null, null, null, null, null, null, null, null, null, null, null, null, null, null, null, null, null, null, null, null, null, null, null, null, null, null, null, null, null, null, null, null, null, null, null, null, null, null, null, null, null, null, null, null, null, null, null, null, null, null, null, null, null, null, null, null, null, null, null, null, null, null, null, null, null, null, null, null, null, null, null, null, null, null, null, null, null, null, null, null);
INSERT INTO `locales_npc_text` VALUES ('300806', null, null, 'Wähle die Anzahl der Killer!', null, null, null, null, null, null, null, null, null, null, null, null, null, null, null, null, null, null, null, null, null, null, null, null, null, null, null, null, null, null, null, null, null, null, null, null, null, null, null, null, null, null, null, null, null, null, null, null, null, null, null, null, null, null, null, null, null, null, null, null, null, null, null, null, null, null, null, null, null, null, null, null, null, null, null, null, null, null, null, null, null, null, null, null, null, null, null, null, null, null, null, null, null, null, null, null, null, null, null, null, null, null, null, null, null, null, null, null, null, null, null, null, null, null, null, null, null, null, null, null, null, null, null, null, null);

DELETE FROM `npc_text` WHERE ID BETWEEN 300800 AND 300806;
INSERT INTO `npc_text` VALUES ('300800', 'Hello $N, do you want to play Who is the Killer?', null, '0', '0', '0', '0', '0', '0', '0', '0', null, null, '0', '0', '0', '0', '0', '0', '0', '0', null, null, '0', '0', '0', '0', '0', '0', '0', '0', null, null, '0', '0', '0', '0', '0', '0', '0', '0', null, null, '0', '0', '0', '0', '0', '0', '0', '0', null, null, '0', '0', '0', '0', '0', '0', '0', '0', null, null, '0', '0', '0', '0', '0', '0', '0', '0', null, null, '0', '0', '0', '0', '0', '0', '0', '0');
INSERT INTO `npc_text` VALUES ('300801', 'Welcome to the game!', null, '0', '0', '0', '0', '0', '0', '0', '0', null, null, '0', '0', '0', '0', '0', '0', '0', '0', null, null, '0', '0', '0', '0', '0', '0', '0', '0', null, null, '0', '0', '0', '0', '0', '0', '0', '0', null, null, '0', '0', '0', '0', '0', '0', '0', '0', null, null, '0', '0', '0', '0', '0', '0', '0', '0', null, null, '0', '0', '0', '0', '0', '0', '0', '0', null, null, '0', '0', '0', '0', '0', '0', '0', '0');
INSERT INTO `npc_text` VALUES ('300802', 'Which game would you like to join?', null, '0', '0', '0', '0', '0', '0', '0', '0', null, null, '0', '0', '0', '0', '0', '0', '0', '0', null, null, '0', '0', '0', '0', '0', '0', '0', '0', null, null, '0', '0', '0', '0', '0', '0', '0', '0', null, null, '0', '0', '0', '0', '0', '0', '0', '0', null, null, '0', '0', '0', '0', '0', '0', '0', '0', null, null, '0', '0', '0', '0', '0', '0', '0', '0', null, null, '0', '0', '0', '0', '0', '0', '0', '0');
INSERT INTO `npc_text` VALUES ('300803', 'Choose the amount of lives!', null, '0', '0', '0', '0', '0', '0', '0', '0', null, null, '0', '0', '0', '0', '0', '0', '0', '0', null, null, '0', '0', '0', '0', '0', '0', '0', '0', null, null, '0', '0', '0', '0', '0', '0', '0', '0', null, null, '0', '0', '0', '0', '0', '0', '0', '0', null, null, '0', '0', '0', '0', '0', '0', '0', '0', null, null, '0', '0', '0', '0', '0', '0', '0', '0', null, null, '0', '0', '0', '0', '0', '0', '0', '0');
INSERT INTO `npc_text` VALUES ('300804', 'Who do you think is the killer?', null, '0', '0', '0', '0', '0', '0', '0', '0', null, null, '0', '0', '0', '0', '0', '0', '0', '0', null, null, '0', '0', '0', '0', '0', '0', '0', '0', null, null, '0', '0', '0', '0', '0', '0', '0', '0', null, null, '0', '0', '0', '0', '0', '0', '0', '0', null, null, '0', '0', '0', '0', '0', '0', '0', '0', null, null, '0', '0', '0', '0', '0', '0', '0', '0', null, null, '0', '0', '0', '0', '0', '0', '0', '0');
INSERT INTO `npc_text` VALUES ('300805', 'Hello, how are you?', null, '0', '0', '0', '0', '0', '0', '0', '0', null, null, '0', '0', '0', '0', '0', '0', '0', '0', null, null, '0', '0', '0', '0', '0', '0', '0', '0', null, null, '0', '0', '0', '0', '0', '0', '0', '0', null, null, '0', '0', '0', '0', '0', '0', '0', '0', null, null, '0', '0', '0', '0', '0', '0', '0', '0', null, null, '0', '0', '0', '0', '0', '0', '0', '0', null, null, '0', '0', '0', '0', '0', '0', '0', '0');
INSERT INTO `npc_text` VALUES ('300806', 'Choose the amount of killers!', null, '0', '0', '0', '0', '0', '0', '0', '0', null, null, '0', '0', '0', '0', '0', '0', '0', '0', null, null, '0', '0', '0', '0', '0', '0', '0', '0', null, null, '0', '0', '0', '0', '0', '0', '0', '0', null, null, '0', '0', '0', '0', '0', '0', '0', '0', null, null, '0', '0', '0', '0', '0', '0', '0', '0', null, null, '0', '0', '0', '0', '0', '0', '0', '0', null, null, '0', '0', '0', '0', '0', '0', '0', '0');
